filename,error
double_ramp_0.0469_0.0508_ma_4.398_pres_97058_interpolated_arrays_density.npy,"expected 12 points, got 11"
double_ramp_0.0469_0.0508_ma_4.398_pres_97058_interpolated_arrays_density.npy,Unknown control point 12 in GEO curve 11
double_ramp_0.0495_0.051_ma_4.736_pres_111145_interpolated_arrays_density.npy,"expected 12 points, got 11"
double_ramp_0.0495_0.051_ma_4.736_pres_111145_interpolated_arrays_density.npy,Unknown control point 12 in GEO curve 11
double_ramp_0.0494_0.051_ma_7.755_pres_166718_interpolated_arrays_density.npy,"expected 12 points, got 11"
double_ramp_0.0494_0.051_ma_7.755_pres_166718_interpolated_arrays_density.npy,Unknown control point 12 in GEO curve 11
double_ramp_0.0433_0.0381_ma_7.271_pres_138512_interpolated_arrays_density.npy,"expected 12 points, got 11"
double_ramp_0.0433_0.0381_ma_7.271_pres_138512_interpolated_arrays_density.npy,Unknown control point 12 in GEO curve 11
double_ramp_0.0304_0.0306_ma_6.646_pres_149136_interpolated_arrays_density.npy,"expected 12 points, got 11"
double_ramp_0.0304_0.0306_ma_6.646_pres_149136_interpolated_arrays_density.npy,Unknown control point 12 in GEO curve 11
double_ramp_0.0495_0.051_ma_2.327_pres_116287_interpolated_arrays_density.npy,"expected 12 points, got 11"
double_ramp_0.0495_0.051_ma_2.327_pres_116287_interpolated_arrays_density.npy,Unknown control point 12 in GEO curve 11
double_ramp_0.0494_0.051_ma_7.607_pres_101284_interpolated_arrays_density.npy,"expected 12 points, got 11"
double_ramp_0.0494_0.051_ma_7.607_pres_101284_interpolated_arrays_density.npy,Unknown control point 12 in GEO curve 11
double_ramp_0.0304_0.0306_ma_5.957_pres_143222_interpolated_arrays_density.npy,"expected 12 points, got 11"
double_ramp_0.0304_0.0306_ma_5.957_pres_143222_interpolated_arrays_density.npy,Unknown control point 12 in GEO curve 11
double_ramp_0.0321_0.0357_ma_7.308_pres_187763_interpolated_arrays_density.npy,"expected 12 points, got 11"
double_ramp_0.0321_0.0357_ma_7.308_pres_187763_interpolated_arrays_density.npy,Unknown control point 12 in GEO curve 11
double_ramp_0.0427_0.0406_ma_7.008_pres_173778_interpolated_arrays_density.npy,"expected 12 points, got 11"
double_ramp_0.0427_0.0406_ma_7.008_pres_173778_interpolated_arrays_density.npy,Unknown control point 12 in GEO curve 11
double_ramp_0.0495_0.051_ma_6.385_pres_187831_interpolated_arrays_density.npy,"expected 12 points, got 11"
double_ramp_0.0495_0.051_ma_6.385_pres_187831_interpolated_arrays_density.npy,Unknown control point 12 in GEO curve 11
double_ramp_0.0464_0.0455_ma_7.177_pres_147423_interpolated_arrays_density.npy,"expected 12 points, got 11"
double_ramp_0.0464_0.0455_ma_7.177_pres_147423_interpolated_arrays_density.npy,Unknown control point 12 in GEO curve 11
double_ramp_0.0464_0.0455_ma_6.539_pres_182487_interpolated_arrays_density.npy,"expected 12 points, got 11"
double_ramp_0.0464_0.0455_ma_6.539_pres_182487_interpolated_arrays_density.npy,Unknown control point 12 in GEO curve 11
double_ramp_0.0492_0.0478_ma_5.199_pres_144654_interpolated_arrays_density.npy,"expected 12 points, got 11"
double_ramp_0.0492_0.0478_ma_5.199_pres_144654_interpolated_arrays_density.npy,Unknown control point 12 in GEO curve 11
double_ramp_0.0495_0.051_ma_5.639_pres_158774_interpolated_arrays_density.npy,"expected 12 points, got 11"
double_ramp_0.0495_0.051_ma_5.639_pres_158774_interpolated_arrays_density.npy,Unknown control point 12 in GEO curve 11
double_ramp_0.0427_0.0406_ma_4.189_pres_96608_interpolated_arrays_density.npy,"expected 12 points, got 11"
double_ramp_0.0427_0.0406_ma_4.189_pres_96608_interpolated_arrays_density.npy,Unknown control point 12 in GEO curve 11
double_ramp_0.0321_0.0357_ma_7.794_pres_94744_interpolated_arrays_density.npy,"expected 12 points, got 11"
double_ramp_0.0321_0.0357_ma_7.794_pres_94744_interpolated_arrays_density.npy,Unknown control point 12 in GEO curve 11
double_ramp_0.0321_0.0357_ma_2.341_pres_92586_interpolated_arrays_density.npy,"expected 12 points, got 11"
double_ramp_0.0321_0.0357_ma_2.341_pres_92586_interpolated_arrays_density.npy,Unknown control point 12 in GEO curve 11
double_ramp_0.0415_0.0398_ma_7.482_pres_133926_interpolated_arrays_density.npy,"expected 12 points, got 11"
double_ramp_0.0415_0.0398_ma_7.482_pres_133926_interpolated_arrays_density.npy,Unknown control point 12 in GEO curve 11
double_ramp_0.0427_0.0406_ma_3.958_pres_97136_interpolated_arrays_density.npy,"expected 12 points, got 11"
double_ramp_0.0427_0.0406_ma_3.958_pres_97136_interpolated_arrays_density.npy,Unknown control point 12 in GEO curve 11
double_ramp_0.0433_0.0381_ma_5.468_pres_188136_interpolated_arrays_density.npy,"expected 12 points, got 11"
double_ramp_0.0433_0.0381_ma_5.468_pres_188136_interpolated_arrays_density.npy,Unknown control point 12 in GEO curve 11
double_ramp_0.0464_0.0455_ma_5.467_pres_106158_interpolated_arrays_density.npy,"expected 12 points, got 11"
double_ramp_0.0464_0.0455_ma_5.467_pres_106158_interpolated_arrays_density.npy,Unknown control point 12 in GEO curve 11
double_ramp_0.0433_0.0381_ma_7.071_pres_123565_interpolated_arrays_density.npy,"expected 12 points, got 11"
double_ramp_0.0433_0.0381_ma_7.071_pres_123565_interpolated_arrays_density.npy,Unknown control point 12 in GEO curve 11
double_ramp_0.0494_0.051_ma_5.054_pres_127978_interpolated_arrays_density.npy,"expected 12 points, got 11"
double_ramp_0.0494_0.051_ma_5.054_pres_127978_interpolated_arrays_density.npy,Unknown control point 12 in GEO curve 11
double_ramp_0.0492_0.0478_ma_5.506_pres_176626_interpolated_arrays_density.npy,"expected 12 points, got 11"
double_ramp_0.0492_0.0478_ma_5.506_pres_176626_interpolated_arrays_density.npy,Unknown control point 12 in GEO curve 11
double_ramp_0.0464_0.0455_ma_5.705_pres_125451_interpolated_arrays_density.npy,"expected 12 points, got 11"
double_ramp_0.0464_0.0455_ma_5.705_pres_125451_interpolated_arrays_density.npy,Unknown control point 12 in GEO curve 11
double_ramp_0.0464_0.0455_ma_7.063_pres_167042_interpolated_arrays_density.npy,"expected 12 points, got 11"
double_ramp_0.0464_0.0455_ma_7.063_pres_167042_interpolated_arrays_density.npy,Unknown control point 12 in GEO curve 11
double_ramp_0.0494_0.051_ma_3.381_pres_94560_interpolated_arrays_density.npy,"expected 12 points, got 11"
double_ramp_0.0494_0.051_ma_3.381_pres_94560_interpolated_arrays_density.npy,Unknown control point 12 in GEO curve 11
double_ramp_0.0321_0.0357_ma_7.882_pres_183626_interpolated_arrays_density.npy,"expected 12 points, got 11"
double_ramp_0.0321_0.0357_ma_7.882_pres_183626_interpolated_arrays_density.npy,Unknown control point 12 in GEO curve 11
double_ramp_0.0304_0.0306_ma_6.29_pres_167581_interpolated_arrays_density.npy,"expected 12 points, got 11"
double_ramp_0.0304_0.0306_ma_6.29_pres_167581_interpolated_arrays_density.npy,Unknown control point 12 in GEO curve 11
double_ramp_0.0433_0.0381_ma_6.851_pres_187832_interpolated_arrays_density.npy,"expected 12 points, got 11"
double_ramp_0.0433_0.0381_ma_6.851_pres_187832_interpolated_arrays_density.npy,Unknown control point 12 in GEO curve 11
double_ramp_0.0321_0.0357_ma_3.538_pres_193804_interpolated_arrays_density.npy,"expected 12 points, got 11"
double_ramp_0.0321_0.0357_ma_3.538_pres_193804_interpolated_arrays_density.npy,Unknown control point 12 in GEO curve 11
double_ramp_0.0427_0.0406_ma_2.041_pres_91748_interpolated_arrays_density.npy,"expected 12 points, got 11"
double_ramp_0.0427_0.0406_ma_2.041_pres_91748_interpolated_arrays_density.npy,Unknown control point 12 in GEO curve 11
double_ramp_0.0492_0.0478_ma_7.385_pres_172707_interpolated_arrays_density.npy,"expected 12 points, got 11"
double_ramp_0.0492_0.0478_ma_7.385_pres_172707_interpolated_arrays_density.npy,Unknown control point 12 in GEO curve 11
double_ramp_0.0494_0.051_ma_3.339_pres_96658_interpolated_arrays_density.npy,"expected 12 points, got 11"
double_ramp_0.0494_0.051_ma_3.339_pres_96658_interpolated_arrays_density.npy,Unknown control point 12 in GEO curve 11
double_ramp_0.0495_0.051_ma_6.033_pres_142169_interpolated_arrays_density.npy,"expected 12 points, got 11"
double_ramp_0.0495_0.051_ma_6.033_pres_142169_interpolated_arrays_density.npy,Unknown control point 12 in GEO curve 11
double_ramp_0.0469_0.0508_ma_5.834_pres_168731_interpolated_arrays_density.npy,"expected 12 points, got 11"
double_ramp_0.0469_0.0508_ma_5.834_pres_168731_interpolated_arrays_density.npy,Unknown control point 12 in GEO curve 11
double_ramp_0.0494_0.051_ma_2.239_pres_143542_interpolated_arrays_density.npy,"expected 12 points, got 11"
double_ramp_0.0494_0.051_ma_2.239_pres_143542_interpolated_arrays_density.npy,Unknown control point 12 in GEO curve 11
double_ramp_0.0495_0.051_ma_6.537_pres_177128_interpolated_arrays_density.npy,"expected 12 points, got 11"
double_ramp_0.0495_0.051_ma_6.537_pres_177128_interpolated_arrays_density.npy,Unknown control point 12 in GEO curve 11
double_ramp_0.0415_0.0398_ma_3.758_pres_134471_interpolated_arrays_density.npy,"expected 12 points, got 11"
double_ramp_0.0415_0.0398_ma_3.758_pres_134471_interpolated_arrays_density.npy,Unknown control point 12 in GEO curve 11
double_ramp_0.0321_0.0357_ma_7.943_pres_160631_interpolated_arrays_density.npy,"expected 12 points, got 11"
double_ramp_0.0321_0.0357_ma_7.943_pres_160631_interpolated_arrays_density.npy,Unknown control point 12 in GEO curve 11
double_ramp_0.0433_0.0381_ma_5.399_pres_106777_interpolated_arrays_density.npy,"expected 12 points, got 11"
double_ramp_0.0433_0.0381_ma_5.399_pres_106777_interpolated_arrays_density.npy,Unknown control point 12 in GEO curve 11
double_ramp_0.0495_0.051_ma_4.831_pres_171627_interpolated_arrays_density.npy,"expected 12 points, got 11"
double_ramp_0.0495_0.051_ma_4.831_pres_171627_interpolated_arrays_density.npy,Unknown control point 12 in GEO curve 11
double_ramp_0.0433_0.0381_ma_3.878_pres_146088_interpolated_arrays_density.npy,"expected 12 points, got 11"
double_ramp_0.0433_0.0381_ma_3.878_pres_146088_interpolated_arrays_density.npy,Unknown control point 12 in GEO curve 11
double_ramp_0.0304_0.0306_ma_2.994_pres_197396_interpolated_arrays_density.npy,"expected 12 points, got 11"
double_ramp_0.0304_0.0306_ma_2.994_pres_197396_interpolated_arrays_density.npy,Unknown control point 12 in GEO curve 11
double_ramp_0.0464_0.0455_ma_7.617_pres_103504_interpolated_arrays_density.npy,"expected 12 points, got 11"
double_ramp_0.0464_0.0455_ma_7.617_pres_103504_interpolated_arrays_density.npy,Unknown control point 12 in GEO curve 11
double_ramp_0.0464_0.0455_ma_2.126_pres_153891_interpolated_arrays_density.npy,"expected 12 points, got 11"
double_ramp_0.0464_0.0455_ma_2.126_pres_153891_interpolated_arrays_density.npy,Unknown control point 12 in GEO curve 11
double_ramp_0.0433_0.0381_ma_7.782_pres_184662_interpolated_arrays_density.npy,"expected 12 points, got 11"
double_ramp_0.0433_0.0381_ma_7.782_pres_184662_interpolated_arrays_density.npy,Unknown control point 12 in GEO curve 11
double_ramp_0.0304_0.0306_ma_5.936_pres_189696_interpolated_arrays_density.npy,"expected 12 points, got 11"
double_ramp_0.0304_0.0306_ma_5.936_pres_189696_interpolated_arrays_density.npy,Unknown control point 12 in GEO curve 11
double_ramp_0.0492_0.0478_ma_6.06_pres_151574_interpolated_arrays_density.npy,"expected 12 points, got 11"
double_ramp_0.0492_0.0478_ma_6.06_pres_151574_interpolated_arrays_density.npy,Unknown control point 12 in GEO curve 11
double_ramp_0.0469_0.0508_ma_2.194_pres_192973_interpolated_arrays_density.npy,"expected 12 points, got 11"
double_ramp_0.0469_0.0508_ma_2.194_pres_192973_interpolated_arrays_density.npy,Unknown control point 12 in GEO curve 11
double_ramp_0.0492_0.0478_ma_5.034_pres_131194_interpolated_arrays_density.npy,"expected 12 points, got 11"
double_ramp_0.0492_0.0478_ma_5.034_pres_131194_interpolated_arrays_density.npy,Unknown control point 12 in GEO curve 11
double_ramp_0.0469_0.0508_ma_7.044_pres_97156_interpolated_arrays_density.npy,"expected 12 points, got 11"
double_ramp_0.0469_0.0508_ma_7.044_pres_97156_interpolated_arrays_density.npy,Unknown control point 12 in GEO curve 11
double_ramp_0.0469_0.0508_ma_4.418_pres_104795_interpolated_arrays_density.npy,"expected 12 points, got 11"
double_ramp_0.0469_0.0508_ma_4.418_pres_104795_interpolated_arrays_density.npy,Unknown control point 12 in GEO curve 11
double_ramp_0.0433_0.0381_ma_5.753_pres_178012_interpolated_arrays_density.npy,"expected 12 points, got 11"
double_ramp_0.0433_0.0381_ma_5.753_pres_178012_interpolated_arrays_density.npy,Unknown control point 12 in GEO curve 11
double_ramp_0.0495_0.051_ma_5.253_pres_91515_interpolated_arrays_density.npy,"expected 12 points, got 11"
double_ramp_0.0495_0.051_ma_5.253_pres_91515_interpolated_arrays_density.npy,Unknown control point 12 in GEO curve 11
double_ramp_0.0321_0.0357_ma_6.085_pres_172565_interpolated_arrays_density.npy,"expected 12 points, got 11"
double_ramp_0.0321_0.0357_ma_6.085_pres_172565_interpolated_arrays_density.npy,Unknown control point 12 in GEO curve 11
double_ramp_0.0469_0.0508_ma_4.388_pres_175485_interpolated_arrays_density.npy,"expected 12 points, got 11"
double_ramp_0.0469_0.0508_ma_4.388_pres_175485_interpolated_arrays_density.npy,Unknown control point 12 in GEO curve 11
double_ramp_0.0469_0.0508_ma_4.946_pres_173963_interpolated_arrays_density.npy,"expected 12 points, got 11"
double_ramp_0.0469_0.0508_ma_4.946_pres_173963_interpolated_arrays_density.npy,Unknown control point 12 in GEO curve 11
double_ramp_0.0304_0.0306_ma_2.334_pres_192137_interpolated_arrays_density.npy,"expected 12 points, got 11"
double_ramp_0.0304_0.0306_ma_2.334_pres_192137_interpolated_arrays_density.npy,Unknown control point 12 in GEO curve 11
double_ramp_0.0304_0.0306_ma_4.896_pres_117113_interpolated_arrays_density.npy,"expected 12 points, got 11"
double_ramp_0.0304_0.0306_ma_4.896_pres_117113_interpolated_arrays_density.npy,Unknown control point 12 in GEO curve 11
double_ramp_0.0321_0.0357_ma_4.448_pres_108321_interpolated_arrays_density.npy,"expected 12 points, got 11"
double_ramp_0.0321_0.0357_ma_4.448_pres_108321_interpolated_arrays_density.npy,Unknown control point 12 in GEO curve 11
double_ramp_0.0494_0.051_ma_4.487_pres_199362_interpolated_arrays_density.npy,"expected 12 points, got 11"
double_ramp_0.0494_0.051_ma_4.487_pres_199362_interpolated_arrays_density.npy,Unknown control point 12 in GEO curve 11
double_ramp_0.0321_0.0357_ma_3.369_pres_158380_interpolated_arrays_density.npy,"expected 12 points, got 11"
double_ramp_0.0321_0.0357_ma_3.369_pres_158380_interpolated_arrays_density.npy,Unknown control point 12 in GEO curve 11
double_ramp_0.0494_0.051_ma_7.482_pres_139413_interpolated_arrays_density.npy,"expected 12 points, got 11"
double_ramp_0.0494_0.051_ma_7.482_pres_139413_interpolated_arrays_density.npy,Unknown control point 12 in GEO curve 11
double_ramp_0.0464_0.0455_ma_6.599_pres_139365_interpolated_arrays_density.npy,"expected 12 points, got 11"
double_ramp_0.0464_0.0455_ma_6.599_pres_139365_interpolated_arrays_density.npy,Unknown control point 12 in GEO curve 11
double_ramp_0.0427_0.0406_ma_4.542_pres_149969_interpolated_arrays_density.npy,"expected 12 points, got 11"
double_ramp_0.0427_0.0406_ma_4.542_pres_149969_interpolated_arrays_density.npy,Unknown control point 12 in GEO curve 11
double_ramp_0.0495_0.051_ma_6.676_pres_192066_interpolated_arrays_density.npy,"expected 12 points, got 11"
double_ramp_0.0495_0.051_ma_6.676_pres_192066_interpolated_arrays_density.npy,Unknown control point 12 in GEO curve 11
double_ramp_0.0415_0.0398_ma_7.842_pres_149385_interpolated_arrays_density.npy,"expected 12 points, got 11"
double_ramp_0.0415_0.0398_ma_7.842_pres_149385_interpolated_arrays_density.npy,Unknown control point 12 in GEO curve 11
double_ramp_0.0321_0.0357_ma_2.142_pres_114227_interpolated_arrays_density.npy,"expected 12 points, got 11"
double_ramp_0.0321_0.0357_ma_2.142_pres_114227_interpolated_arrays_density.npy,Unknown control point 12 in GEO curve 11
double_ramp_0.0469_0.0508_ma_6.896_pres_198104_interpolated_arrays_density.npy,"expected 12 points, got 11"
double_ramp_0.0469_0.0508_ma_6.896_pres_198104_interpolated_arrays_density.npy,Unknown control point 12 in GEO curve 11
double_ramp_0.0469_0.0508_ma_3.481_pres_146284_interpolated_arrays_density.npy,"expected 12 points, got 11"
double_ramp_0.0469_0.0508_ma_3.481_pres_146284_interpolated_arrays_density.npy,Unknown control point 12 in GEO curve 11
double_ramp_0.0415_0.0398_ma_4.475_pres_183178_interpolated_arrays_density.npy,"expected 12 points, got 11"
double_ramp_0.0415_0.0398_ma_4.475_pres_183178_interpolated_arrays_density.npy,Unknown control point 12 in GEO curve 11
double_ramp_0.0321_0.0357_ma_4.316_pres_129692_interpolated_arrays_density.npy,"expected 12 points, got 11"
double_ramp_0.0321_0.0357_ma_4.316_pres_129692_interpolated_arrays_density.npy,Unknown control point 12 in GEO curve 11
double_ramp_0.0433_0.0381_ma_6.826_pres_122747_interpolated_arrays_density.npy,"expected 12 points, got 11"
double_ramp_0.0433_0.0381_ma_6.826_pres_122747_interpolated_arrays_density.npy,Unknown control point 12 in GEO curve 11
double_ramp_0.0321_0.0357_ma_7.071_pres_173919_interpolated_arrays_density.npy,"expected 12 points, got 11"
double_ramp_0.0321_0.0357_ma_7.071_pres_173919_interpolated_arrays_density.npy,Unknown control point 12 in GEO curve 11
double_ramp_0.0494_0.051_ma_6.051_pres_92324_interpolated_arrays_density.npy,"expected 12 points, got 11"
double_ramp_0.0494_0.051_ma_6.051_pres_92324_interpolated_arrays_density.npy,Unknown control point 12 in GEO curve 11
double_ramp_0.0427_0.0406_ma_7.375_pres_110661_interpolated_arrays_density.npy,"expected 12 points, got 11"
double_ramp_0.0427_0.0406_ma_7.375_pres_110661_interpolated_arrays_density.npy,Unknown control point 12 in GEO curve 11
double_ramp_0.0304_0.0306_ma_6.941_pres_100347_interpolated_arrays_density.npy,"expected 12 points, got 11"
double_ramp_0.0304_0.0306_ma_6.941_pres_100347_interpolated_arrays_density.npy,Unknown control point 12 in GEO curve 11
double_ramp_0.0321_0.0357_ma_7.311_pres_197856_interpolated_arrays_density.npy,"expected 12 points, got 11"
double_ramp_0.0321_0.0357_ma_7.311_pres_197856_interpolated_arrays_density.npy,Unknown control point 12 in GEO curve 11
double_ramp_0.0464_0.0455_ma_2.698_pres_191835_interpolated_arrays_density.npy,"expected 12 points, got 11"
double_ramp_0.0464_0.0455_ma_2.698_pres_191835_interpolated_arrays_density.npy,Unknown control point 12 in GEO curve 11
double_ramp_0.0492_0.0478_ma_4.808_pres_128677_interpolated_arrays_density.npy,"expected 12 points, got 11"
double_ramp_0.0492_0.0478_ma_4.808_pres_128677_interpolated_arrays_density.npy,Unknown control point 12 in GEO curve 11
double_ramp_0.0415_0.0398_ma_3.148_pres_141175_interpolated_arrays_density.npy,"expected 12 points, got 11"
double_ramp_0.0415_0.0398_ma_3.148_pres_141175_interpolated_arrays_density.npy,Unknown control point 12 in GEO curve 11
double_ramp_0.0415_0.0398_ma_3.946_pres_193456_interpolated_arrays_density.npy,"expected 12 points, got 11"
double_ramp_0.0415_0.0398_ma_3.946_pres_193456_interpolated_arrays_density.npy,Unknown control point 12 in GEO curve 11
double_ramp_0.0321_0.0357_ma_3.731_pres_120566_interpolated_arrays_density.npy,"expected 12 points, got 11"
double_ramp_0.0321_0.0357_ma_3.731_pres_120566_interpolated_arrays_density.npy,Unknown control point 12 in GEO curve 11
double_ramp_0.0469_0.0508_ma_3.955_pres_178529_interpolated_arrays_density.npy,"expected 12 points, got 11"
double_ramp_0.0469_0.0508_ma_3.955_pres_178529_interpolated_arrays_density.npy,Unknown control point 12 in GEO curve 11
double_ramp_0.0495_0.051_ma_2.185_pres_141076_interpolated_arrays_density.npy,"expected 12 points, got 11"
double_ramp_0.0495_0.051_ma_2.185_pres_141076_interpolated_arrays_density.npy,Unknown control point 12 in GEO curve 11
double_ramp_0.0427_0.0406_ma_7.841_pres_180958_interpolated_arrays_density.npy,"expected 12 points, got 11"
double_ramp_0.0427_0.0406_ma_7.841_pres_180958_interpolated_arrays_density.npy,Unknown control point 12 in GEO curve 11
double_ramp_0.0304_0.0306_ma_5.022_pres_125897_interpolated_arrays_density.npy,"expected 12 points, got 11"
double_ramp_0.0304_0.0306_ma_5.022_pres_125897_interpolated_arrays_density.npy,Unknown control point 12 in GEO curve 11
double_ramp_0.0415_0.0398_ma_6.391_pres_139306_interpolated_arrays_density.npy,"expected 12 points, got 11"
double_ramp_0.0415_0.0398_ma_6.391_pres_139306_interpolated_arrays_density.npy,Unknown control point 12 in GEO curve 11
double_ramp_0.0433_0.0381_ma_2.724_pres_114231_interpolated_arrays_density.npy,"expected 12 points, got 11"
double_ramp_0.0433_0.0381_ma_2.724_pres_114231_interpolated_arrays_density.npy,Unknown control point 12 in GEO curve 11
double_ramp_0.0492_0.0478_ma_3.552_pres_177377_interpolated_arrays_density.npy,"expected 12 points, got 11"
double_ramp_0.0492_0.0478_ma_3.552_pres_177377_interpolated_arrays_density.npy,Unknown control point 12 in GEO curve 11
double_ramp_0.0469_0.0508_ma_5.328_pres_188459_interpolated_arrays_density.npy,"expected 12 points, got 11"
double_ramp_0.0469_0.0508_ma_5.328_pres_188459_interpolated_arrays_density.npy,Unknown control point 12 in GEO curve 11
double_ramp_0.0427_0.0406_ma_7.081_pres_167032_interpolated_arrays_density.npy,"expected 12 points, got 11"
double_ramp_0.0427_0.0406_ma_7.081_pres_167032_interpolated_arrays_density.npy,Unknown control point 12 in GEO curve 11
double_ramp_0.0492_0.0478_ma_4.556_pres_193161_interpolated_arrays_density.npy,"expected 12 points, got 11"
double_ramp_0.0492_0.0478_ma_4.556_pres_193161_interpolated_arrays_density.npy,Unknown control point 12 in GEO curve 11
double_ramp_0.0415_0.0398_ma_6.841_pres_192125_interpolated_arrays_density.npy,"expected 12 points, got 11"
double_ramp_0.0415_0.0398_ma_6.841_pres_192125_interpolated_arrays_density.npy,Unknown control point 12 in GEO curve 11
double_ramp_0.0495_0.051_ma_4.159_pres_111434_interpolated_arrays_density.npy,"expected 12 points, got 11"
double_ramp_0.0495_0.051_ma_4.159_pres_111434_interpolated_arrays_density.npy,Unknown control point 12 in GEO curve 11
double_ramp_0.0321_0.0357_ma_2.399_pres_152840_interpolated_arrays_density.npy,"expected 12 points, got 11"
double_ramp_0.0321_0.0357_ma_2.399_pres_152840_interpolated_arrays_density.npy,Unknown control point 12 in GEO curve 11
double_ramp_0.0494_0.051_ma_2.471_pres_192082_interpolated_arrays_density.npy,"expected 12 points, got 11"
double_ramp_0.0494_0.051_ma_2.471_pres_192082_interpolated_arrays_density.npy,Unknown control point 12 in GEO curve 11
double_ramp_0.0469_0.0508_ma_3.897_pres_189000_interpolated_arrays_density.npy,"expected 12 points, got 11"
double_ramp_0.0469_0.0508_ma_3.897_pres_189000_interpolated_arrays_density.npy,Unknown control point 12 in GEO curve 11
double_ramp_0.0464_0.0455_ma_3.684_pres_179957_interpolated_arrays_density.npy,"expected 12 points, got 11"
double_ramp_0.0464_0.0455_ma_3.684_pres_179957_interpolated_arrays_density.npy,Unknown control point 12 in GEO curve 11
double_ramp_0.0415_0.0398_ma_2.501_pres_174200_interpolated_arrays_density.npy,"expected 12 points, got 11"
double_ramp_0.0415_0.0398_ma_2.501_pres_174200_interpolated_arrays_density.npy,Unknown control point 12 in GEO curve 11
double_ramp_0.0494_0.051_ma_7.74_pres_150753_interpolated_arrays_density.npy,"expected 12 points, got 11"
double_ramp_0.0494_0.051_ma_7.74_pres_150753_interpolated_arrays_density.npy,Unknown control point 12 in GEO curve 11
double_ramp_0.0427_0.0406_ma_7.051_pres_130502_interpolated_arrays_density.npy,"expected 12 points, got 11"
double_ramp_0.0427_0.0406_ma_7.051_pres_130502_interpolated_arrays_density.npy,Unknown control point 12 in GEO curve 11
double_ramp_0.0321_0.0357_ma_3.514_pres_183556_interpolated_arrays_density.npy,"expected 12 points, got 11"
double_ramp_0.0321_0.0357_ma_3.514_pres_183556_interpolated_arrays_density.npy,Unknown control point 12 in GEO curve 11
double_ramp_0.0433_0.0381_ma_3.04_pres_118977_interpolated_arrays_density.npy,"expected 12 points, got 11"
double_ramp_0.0433_0.0381_ma_3.04_pres_118977_interpolated_arrays_density.npy,Unknown control point 12 in GEO curve 11
double_ramp_0.0492_0.0478_ma_2.115_pres_121975_interpolated_arrays_density.npy,"expected 12 points, got 11"
double_ramp_0.0492_0.0478_ma_2.115_pres_121975_interpolated_arrays_density.npy,Unknown control point 12 in GEO curve 11
double_ramp_0.0427_0.0406_ma_3.492_pres_187683_interpolated_arrays_density.npy,"expected 12 points, got 11"
double_ramp_0.0427_0.0406_ma_3.492_pres_187683_interpolated_arrays_density.npy,Unknown control point 12 in GEO curve 11
double_ramp_0.0427_0.0406_ma_5.853_pres_161399_interpolated_arrays_density.npy,"expected 12 points, got 11"
double_ramp_0.0427_0.0406_ma_5.853_pres_161399_interpolated_arrays_density.npy,Unknown control point 12 in GEO curve 11
double_ramp_0.0321_0.0357_ma_2.846_pres_106991_interpolated_arrays_density.npy,"expected 12 points, got 11"
double_ramp_0.0321_0.0357_ma_2.846_pres_106991_interpolated_arrays_density.npy,Unknown control point 12 in GEO curve 11
double_ramp_0.0304_0.0306_ma_4.937_pres_177770_interpolated_arrays_density.npy,"expected 12 points, got 11"
double_ramp_0.0304_0.0306_ma_4.937_pres_177770_interpolated_arrays_density.npy,Unknown control point 12 in GEO curve 11
double_ramp_0.0492_0.0478_ma_2.04_pres_136332_interpolated_arrays_density.npy,"expected 12 points, got 11"
double_ramp_0.0492_0.0478_ma_2.04_pres_136332_interpolated_arrays_density.npy,Unknown control point 12 in GEO curve 11
double_ramp_0.0427_0.0406_ma_5.734_pres_126611_interpolated_arrays_density.npy,"expected 12 points, got 11"
double_ramp_0.0427_0.0406_ma_5.734_pres_126611_interpolated_arrays_density.npy,Unknown control point 12 in GEO curve 11
double_ramp_0.0495_0.051_ma_5.817_pres_92713_interpolated_arrays_density.npy,"expected 12 points, got 11"
double_ramp_0.0495_0.051_ma_5.817_pres_92713_interpolated_arrays_density.npy,Unknown control point 12 in GEO curve 11
double_ramp_0.0464_0.0455_ma_4.072_pres_99440_interpolated_arrays_density.npy,"expected 12 points, got 11"
double_ramp_0.0464_0.0455_ma_4.072_pres_99440_interpolated_arrays_density.npy,Unknown control point 12 in GEO curve 11
double_ramp_0.0415_0.0398_ma_2.791_pres_192399_interpolated_arrays_density.npy,"expected 12 points, got 11"
double_ramp_0.0415_0.0398_ma_2.791_pres_192399_interpolated_arrays_density.npy,Unknown control point 12 in GEO curve 11
double_ramp_0.0494_0.051_ma_3.606_pres_179827_interpolated_arrays_density.npy,"expected 12 points, got 11"
double_ramp_0.0494_0.051_ma_3.606_pres_179827_interpolated_arrays_density.npy,Unknown control point 12 in GEO curve 11
double_ramp_0.0495_0.051_ma_5.228_pres_113282_interpolated_arrays_density.npy,"expected 12 points, got 11"
double_ramp_0.0495_0.051_ma_5.228_pres_113282_interpolated_arrays_density.npy,Unknown control point 12 in GEO curve 11
double_ramp_0.0494_0.051_ma_5.247_pres_132776_interpolated_arrays_density.npy,"expected 12 points, got 11"
double_ramp_0.0494_0.051_ma_5.247_pres_132776_interpolated_arrays_density.npy,Unknown control point 12 in GEO curve 11
double_ramp_0.0304_0.0306_ma_7.205_pres_170679_interpolated_arrays_density.npy,"expected 12 points, got 11"
double_ramp_0.0304_0.0306_ma_7.205_pres_170679_interpolated_arrays_density.npy,Unknown control point 12 in GEO curve 11
double_ramp_0.0464_0.0455_ma_5.958_pres_111637_interpolated_arrays_density.npy,"expected 12 points, got 11"
double_ramp_0.0464_0.0455_ma_5.958_pres_111637_interpolated_arrays_density.npy,Unknown control point 12 in GEO curve 11
double_ramp_0.0304_0.0306_ma_7.179_pres_157089_interpolated_arrays_density.npy,"expected 12 points, got 11"
double_ramp_0.0304_0.0306_ma_7.179_pres_157089_interpolated_arrays_density.npy,Unknown control point 12 in GEO curve 11
double_ramp_0.0492_0.0478_ma_3.281_pres_152840_interpolated_arrays_density.npy,"expected 12 points, got 11"
double_ramp_0.0492_0.0478_ma_3.281_pres_152840_interpolated_arrays_density.npy,Unknown control point 12 in GEO curve 11
double_ramp_0.0494_0.051_ma_6.93_pres_115957_interpolated_arrays_density.npy,"expected 12 points, got 11"
double_ramp_0.0494_0.051_ma_6.93_pres_115957_interpolated_arrays_density.npy,Unknown control point 12 in GEO curve 11
double_ramp_0.0495_0.051_ma_4.122_pres_92691_interpolated_arrays_density.npy,"expected 12 points, got 11"
double_ramp_0.0495_0.051_ma_4.122_pres_92691_interpolated_arrays_density.npy,Unknown control point 12 in GEO curve 11
double_ramp_0.0469_0.0508_ma_3.087_pres_149329_interpolated_arrays_density.npy,"expected 12 points, got 11"
double_ramp_0.0469_0.0508_ma_3.087_pres_149329_interpolated_arrays_density.npy,Unknown control point 12 in GEO curve 11
double_ramp_0.0321_0.0357_ma_3.952_pres_118120_interpolated_arrays_density.npy,"expected 12 points, got 11"
double_ramp_0.0321_0.0357_ma_3.952_pres_118120_interpolated_arrays_density.npy,Unknown control point 12 in GEO curve 11
double_ramp_0.0494_0.051_ma_5.935_pres_165664_interpolated_arrays_density.npy,"expected 12 points, got 11"
double_ramp_0.0494_0.051_ma_5.935_pres_165664_interpolated_arrays_density.npy,Unknown control point 12 in GEO curve 11
double_ramp_0.0427_0.0406_ma_6.872_pres_151295_interpolated_arrays_density.npy,"expected 12 points, got 11"
double_ramp_0.0427_0.0406_ma_6.872_pres_151295_interpolated_arrays_density.npy,Unknown control point 12 in GEO curve 11
double_ramp_0.0495_0.051_ma_5.259_pres_126356_interpolated_arrays_density.npy,"expected 12 points, got 11"
double_ramp_0.0495_0.051_ma_5.259_pres_126356_interpolated_arrays_density.npy,Unknown control point 12 in GEO curve 11
double_ramp_0.0464_0.0455_ma_3.01_pres_195168_interpolated_arrays_density.npy,"expected 12 points, got 11"
double_ramp_0.0464_0.0455_ma_3.01_pres_195168_interpolated_arrays_density.npy,Unknown control point 12 in GEO curve 11
double_ramp_0.0433_0.0381_ma_2.387_pres_199702_interpolated_arrays_density.npy,"expected 12 points, got 11"
double_ramp_0.0433_0.0381_ma_2.387_pres_199702_interpolated_arrays_density.npy,Unknown control point 12 in GEO curve 11
double_ramp_0.0433_0.0381_ma_2.591_pres_165154_interpolated_arrays_density.npy,"expected 12 points, got 11"
double_ramp_0.0433_0.0381_ma_2.591_pres_165154_interpolated_arrays_density.npy,Unknown control point 12 in GEO curve 11
double_ramp_0.0464_0.0455_ma_3.547_pres_170646_interpolated_arrays_density.npy,"expected 12 points, got 11"
double_ramp_0.0464_0.0455_ma_3.547_pres_170646_interpolated_arrays_density.npy,Unknown control point 12 in GEO curve 11
double_ramp_0.0304_0.0306_ma_4.973_pres_179760_interpolated_arrays_density.npy,"expected 12 points, got 11"
double_ramp_0.0304_0.0306_ma_4.973_pres_179760_interpolated_arrays_density.npy,Unknown control point 12 in GEO curve 11
double_ramp_0.0415_0.0398_ma_5.606_pres_155085_interpolated_arrays_density.npy,"expected 12 points, got 11"
double_ramp_0.0415_0.0398_ma_5.606_pres_155085_interpolated_arrays_density.npy,Unknown control point 12 in GEO curve 11
double_ramp_0.0427_0.0406_ma_2.736_pres_159955_interpolated_arrays_density.npy,"expected 12 points, got 11"
double_ramp_0.0427_0.0406_ma_2.736_pres_159955_interpolated_arrays_density.npy,Unknown control point 12 in GEO curve 11
double_ramp_0.0492_0.0478_ma_2.133_pres_169377_interpolated_arrays_density.npy,"expected 12 points, got 11"
double_ramp_0.0492_0.0478_ma_2.133_pres_169377_interpolated_arrays_density.npy,Unknown control point 12 in GEO curve 11
double_ramp_0.0469_0.0508_ma_6.213_pres_109533_interpolated_arrays_density.npy,"expected 12 points, got 11"
double_ramp_0.0469_0.0508_ma_6.213_pres_109533_interpolated_arrays_density.npy,Unknown control point 12 in GEO curve 11
double_ramp_0.0304_0.0306_ma_4.296_pres_190956_interpolated_arrays_density.npy,"expected 12 points, got 11"
double_ramp_0.0304_0.0306_ma_4.296_pres_190956_interpolated_arrays_density.npy,Unknown control point 12 in GEO curve 11
double_ramp_0.0415_0.0398_ma_4.688_pres_138594_interpolated_arrays_density.npy,"expected 12 points, got 11"
double_ramp_0.0415_0.0398_ma_4.688_pres_138594_interpolated_arrays_density.npy,Unknown control point 12 in GEO curve 11
double_ramp_0.0464_0.0455_ma_7.942_pres_136230_interpolated_arrays_density.npy,"expected 12 points, got 11"
double_ramp_0.0464_0.0455_ma_7.942_pres_136230_interpolated_arrays_density.npy,Unknown control point 12 in GEO curve 11
double_ramp_0.0415_0.0398_ma_3.107_pres_113778_interpolated_arrays_density.npy,"expected 12 points, got 11"
double_ramp_0.0415_0.0398_ma_3.107_pres_113778_interpolated_arrays_density.npy,Unknown control point 12 in GEO curve 11
double_ramp_0.0304_0.0306_ma_7.289_pres_109442_interpolated_arrays_density.npy,"expected 12 points, got 11"
double_ramp_0.0304_0.0306_ma_7.289_pres_109442_interpolated_arrays_density.npy,Unknown control point 12 in GEO curve 11
double_ramp_0.0304_0.0306_ma_5.672_pres_100436_interpolated_arrays_density.npy,"expected 12 points, got 11"
double_ramp_0.0304_0.0306_ma_5.672_pres_100436_interpolated_arrays_density.npy,Unknown control point 12 in GEO curve 11
double_ramp_0.0494_0.051_ma_4.458_pres_112306_interpolated_arrays_density.npy,"expected 12 points, got 11"
double_ramp_0.0494_0.051_ma_4.458_pres_112306_interpolated_arrays_density.npy,Unknown control point 12 in GEO curve 11
double_ramp_0.0464_0.0455_ma_6.271_pres_189048_interpolated_arrays_density.npy,"expected 12 points, got 11"
double_ramp_0.0464_0.0455_ma_6.271_pres_189048_interpolated_arrays_density.npy,Unknown control point 12 in GEO curve 11
double_ramp_0.0492_0.0478_ma_4.855_pres_152218_interpolated_arrays_density.npy,"expected 12 points, got 11"
double_ramp_0.0492_0.0478_ma_4.855_pres_152218_interpolated_arrays_density.npy,Unknown control point 12 in GEO curve 11
double_ramp_0.0415_0.0398_ma_6.137_pres_130826_interpolated_arrays_density.npy,"expected 12 points, got 11"
double_ramp_0.0415_0.0398_ma_6.137_pres_130826_interpolated_arrays_density.npy,Unknown control point 12 in GEO curve 11
double_ramp_0.0494_0.051_ma_7.276_pres_161825_interpolated_arrays_density.npy,"expected 12 points, got 11"
double_ramp_0.0494_0.051_ma_7.276_pres_161825_interpolated_arrays_density.npy,Unknown control point 12 in GEO curve 11
double_ramp_0.0415_0.0398_ma_6.42_pres_131032_interpolated_arrays_density.npy,"expected 12 points, got 11"
double_ramp_0.0415_0.0398_ma_6.42_pres_131032_interpolated_arrays_density.npy,Unknown control point 12 in GEO curve 11
double_ramp_0.0492_0.0478_ma_6.437_pres_169377_interpolated_arrays_density.npy,"expected 12 points, got 11"
double_ramp_0.0492_0.0478_ma_6.437_pres_169377_interpolated_arrays_density.npy,Unknown control point 12 in GEO curve 11
double_ramp_0.0492_0.0478_ma_3.422_pres_153373_interpolated_arrays_density.npy,"expected 12 points, got 11"
double_ramp_0.0492_0.0478_ma_3.422_pres_153373_interpolated_arrays_density.npy,Unknown control point 12 in GEO curve 11
double_ramp_0.0495_0.051_ma_3.985_pres_181481_interpolated_arrays_density.npy,"expected 12 points, got 11"
double_ramp_0.0495_0.051_ma_3.985_pres_181481_interpolated_arrays_density.npy,Unknown control point 12 in GEO curve 11
double_ramp_0.0427_0.0406_ma_3.813_pres_125137_interpolated_arrays_density.npy,"expected 12 points, got 11"
double_ramp_0.0427_0.0406_ma_3.813_pres_125137_interpolated_arrays_density.npy,Unknown control point 12 in GEO curve 11
double_ramp_0.0469_0.0508_ma_5.989_pres_149062_interpolated_arrays_density.npy,"expected 12 points, got 11"
double_ramp_0.0469_0.0508_ma_5.989_pres_149062_interpolated_arrays_density.npy,Unknown control point 12 in GEO curve 11
double_ramp_0.0495_0.051_ma_3.15_pres_115400_interpolated_arrays_density.npy,"expected 12 points, got 11"
double_ramp_0.0495_0.051_ma_3.15_pres_115400_interpolated_arrays_density.npy,Unknown control point 12 in GEO curve 11
double_ramp_0.0494_0.051_ma_3.349_pres_117982_interpolated_arrays_density.npy,"expected 12 points, got 11"
double_ramp_0.0494_0.051_ma_3.349_pres_117982_interpolated_arrays_density.npy,Unknown control point 12 in GEO curve 11
double_ramp_0.0469_0.0508_ma_7.105_pres_164133_interpolated_arrays_density.npy,"expected 12 points, got 11"
double_ramp_0.0469_0.0508_ma_7.105_pres_164133_interpolated_arrays_density.npy,Unknown control point 12 in GEO curve 11
double_ramp_0.0469_0.0508_ma_5.896_pres_155197_interpolated_arrays_density.npy,"expected 12 points, got 11"
double_ramp_0.0469_0.0508_ma_5.896_pres_155197_interpolated_arrays_density.npy,Unknown control point 12 in GEO curve 11
double_ramp_0.0427_0.0406_ma_4.945_pres_118622_interpolated_arrays_density.npy,"expected 12 points, got 11"
double_ramp_0.0427_0.0406_ma_4.945_pres_118622_interpolated_arrays_density.npy,Unknown control point 12 in GEO curve 11
double_ramp_0.0304_0.0306_ma_4.618_pres_167677_interpolated_arrays_density.npy,"expected 12 points, got 11"
double_ramp_0.0304_0.0306_ma_4.618_pres_167677_interpolated_arrays_density.npy,Unknown control point 12 in GEO curve 11
double_ramp_0.0494_0.051_ma_4.139_pres_143241_interpolated_arrays_density.npy,"expected 12 points, got 11"
double_ramp_0.0494_0.051_ma_4.139_pres_143241_interpolated_arrays_density.npy,Unknown control point 12 in GEO curve 11
double_ramp_0.0492_0.0478_ma_6.627_pres_162148_interpolated_arrays_density.npy,"expected 12 points, got 11"
double_ramp_0.0492_0.0478_ma_6.627_pres_162148_interpolated_arrays_density.npy,Unknown control point 12 in GEO curve 11
double_ramp_0.0427_0.0406_ma_6.557_pres_134048_interpolated_arrays_density.npy,"expected 12 points, got 11"
double_ramp_0.0427_0.0406_ma_6.557_pres_134048_interpolated_arrays_density.npy,Unknown control point 12 in GEO curve 11
double_ramp_0.0464_0.0455_ma_5.469_pres_185564_interpolated_arrays_density.npy,"expected 12 points, got 11"
double_ramp_0.0464_0.0455_ma_5.469_pres_185564_interpolated_arrays_density.npy,Unknown control point 12 in GEO curve 11
double_ramp_0.0469_0.0508_ma_4.85_pres_127283_interpolated_arrays_density.npy,"expected 12 points, got 11"
double_ramp_0.0469_0.0508_ma_4.85_pres_127283_interpolated_arrays_density.npy,Unknown control point 12 in GEO curve 11
double_ramp_0.0492_0.0478_ma_6.959_pres_130386_interpolated_arrays_density.npy,"expected 12 points, got 11"
double_ramp_0.0492_0.0478_ma_6.959_pres_130386_interpolated_arrays_density.npy,Unknown control point 12 in GEO curve 11
double_ramp_0.0433_0.0381_ma_7.37_pres_147508_interpolated_arrays_density.npy,"expected 12 points, got 11"
double_ramp_0.0433_0.0381_ma_7.37_pres_147508_interpolated_arrays_density.npy,Unknown control point 12 in GEO curve 11
double_ramp_0.0464_0.0455_ma_4.726_pres_180371_interpolated_arrays_density.npy,"expected 12 points, got 11"
double_ramp_0.0464_0.0455_ma_4.726_pres_180371_interpolated_arrays_density.npy,Unknown control point 12 in GEO curve 11
double_ramp_0.0321_0.0357_ma_7.998_pres_115913_interpolated_arrays_density.npy,"expected 12 points, got 11"
double_ramp_0.0321_0.0357_ma_7.998_pres_115913_interpolated_arrays_density.npy,Unknown control point 12 in GEO curve 11
double_ramp_0.0433_0.0381_ma_3.977_pres_95349_interpolated_arrays_density.npy,"expected 12 points, got 11"
double_ramp_0.0433_0.0381_ma_3.977_pres_95349_interpolated_arrays_density.npy,Unknown control point 12 in GEO curve 11
double_ramp_0.0495_0.051_ma_7.866_pres_188690_interpolated_arrays_density.npy,"expected 12 points, got 11"
double_ramp_0.0495_0.051_ma_7.866_pres_188690_interpolated_arrays_density.npy,Unknown control point 12 in GEO curve 11
double_ramp_0.0464_0.0455_ma_4.286_pres_155340_interpolated_arrays_density.npy,"expected 12 points, got 11"
double_ramp_0.0464_0.0455_ma_4.286_pres_155340_interpolated_arrays_density.npy,Unknown control point 12 in GEO curve 11
double_ramp_0.0304_0.0306_ma_2.303_pres_186713_interpolated_arrays_density.npy,"expected 12 points, got 11"
double_ramp_0.0304_0.0306_ma_2.303_pres_186713_interpolated_arrays_density.npy,Unknown control point 12 in GEO curve 11
double_ramp_0.0495_0.051_ma_4.707_pres_101088_interpolated_arrays_density.npy,"expected 12 points, got 11"
double_ramp_0.0495_0.051_ma_4.707_pres_101088_interpolated_arrays_density.npy,Unknown control point 12 in GEO curve 11
double_ramp_0.0492_0.0478_ma_5.076_pres_132609_interpolated_arrays_density.npy,"expected 12 points, got 11"
double_ramp_0.0492_0.0478_ma_5.076_pres_132609_interpolated_arrays_density.npy,Unknown control point 12 in GEO curve 11
double_ramp_0.0415_0.0398_ma_7.842_pres_176238_interpolated_arrays_density.npy,"expected 12 points, got 11"
double_ramp_0.0415_0.0398_ma_7.842_pres_176238_interpolated_arrays_density.npy,Unknown control point 12 in GEO curve 11
double_ramp_0.0415_0.0398_ma_5.845_pres_94098_interpolated_arrays_density.npy,"expected 12 points, got 11"
double_ramp_0.0415_0.0398_ma_5.845_pres_94098_interpolated_arrays_density.npy,Unknown control point 12 in GEO curve 11
double_ramp_0.0495_0.051_ma_7.582_pres_180396_interpolated_arrays_density.npy,"expected 12 points, got 11"
double_ramp_0.0495_0.051_ma_7.582_pres_180396_interpolated_arrays_density.npy,Unknown control point 12 in GEO curve 11
double_ramp_0.0304_0.0306_ma_6.775_pres_137251_interpolated_arrays_density.npy,"expected 12 points, got 11"
double_ramp_0.0304_0.0306_ma_6.775_pres_137251_interpolated_arrays_density.npy,Unknown control point 12 in GEO curve 11
double_ramp_0.0492_0.0478_ma_4.738_pres_167346_interpolated_arrays_density.npy,"expected 12 points, got 11"
double_ramp_0.0492_0.0478_ma_4.738_pres_167346_interpolated_arrays_density.npy,Unknown control point 12 in GEO curve 11
double_ramp_0.0427_0.0406_ma_2.852_pres_100365_interpolated_arrays_density.npy,"expected 12 points, got 11"
double_ramp_0.0427_0.0406_ma_2.852_pres_100365_interpolated_arrays_density.npy,Unknown control point 12 in GEO curve 11
double_ramp_0.0415_0.0398_ma_5.026_pres_104612_interpolated_arrays_density.npy,"expected 12 points, got 11"
double_ramp_0.0415_0.0398_ma_5.026_pres_104612_interpolated_arrays_density.npy,Unknown control point 12 in GEO curve 11
double_ramp_0.0469_0.0508_ma_3.651_pres_122988_interpolated_arrays_density.npy,"expected 12 points, got 11"
double_ramp_0.0469_0.0508_ma_3.651_pres_122988_interpolated_arrays_density.npy,Unknown control point 12 in GEO curve 11
double_ramp_0.0304_0.0306_ma_4.758_pres_195431_interpolated_arrays_density.npy,"expected 12 points, got 11"
double_ramp_0.0304_0.0306_ma_4.758_pres_195431_interpolated_arrays_density.npy,Unknown control point 12 in GEO curve 11
double_ramp_0.0433_0.0381_ma_6.548_pres_94570_interpolated_arrays_density.npy,"expected 12 points, got 11"
double_ramp_0.0433_0.0381_ma_6.548_pres_94570_interpolated_arrays_density.npy,Unknown control point 12 in GEO curve 11
double_ramp_0.0433_0.0381_ma_4.045_pres_158515_interpolated_arrays_density.npy,"expected 12 points, got 11"
double_ramp_0.0433_0.0381_ma_4.045_pres_158515_interpolated_arrays_density.npy,Unknown control point 12 in GEO curve 11
double_ramp_0.0415_0.0398_ma_5.264_pres_165808_interpolated_arrays_density.npy,"expected 12 points, got 11"
double_ramp_0.0415_0.0398_ma_5.264_pres_165808_interpolated_arrays_density.npy,Unknown control point 12 in GEO curve 11
double_ramp_0.0433_0.0381_ma_2.199_pres_120178_interpolated_arrays_density.npy,"expected 12 points, got 11"
double_ramp_0.0433_0.0381_ma_2.199_pres_120178_interpolated_arrays_density.npy,Unknown control point 12 in GEO curve 11
double_ramp_0.0427_0.0406_ma_3.152_pres_156006_interpolated_arrays_density.npy,"expected 12 points, got 11"
double_ramp_0.0427_0.0406_ma_3.152_pres_156006_interpolated_arrays_density.npy,Unknown control point 12 in GEO curve 11
double_ramp_0.0464_0.0455_ma_3.669_pres_102183_interpolated_arrays_density.npy,"expected 12 points, got 11"
double_ramp_0.0464_0.0455_ma_3.669_pres_102183_interpolated_arrays_density.npy,Unknown control point 12 in GEO curve 11
double_ramp_0.0492_0.0478_ma_2.683_pres_118378_interpolated_arrays_density.npy,"expected 12 points, got 11"
double_ramp_0.0492_0.0478_ma_2.683_pres_118378_interpolated_arrays_density.npy,Unknown control point 12 in GEO curve 11
double_ramp_0.0433_0.0381_ma_5.43_pres_97563_interpolated_arrays_density.npy,"expected 12 points, got 11"
double_ramp_0.0433_0.0381_ma_5.43_pres_97563_interpolated_arrays_density.npy,Unknown control point 12 in GEO curve 11
double_ramp_0.0427_0.0406_ma_2.452_pres_96359_interpolated_arrays_density.npy,"expected 12 points, got 11"
double_ramp_0.0427_0.0406_ma_2.452_pres_96359_interpolated_arrays_density.npy,Unknown control point 12 in GEO curve 11
double_ramp_0.0321_0.0357_ma_6.314_pres_105245_interpolated_arrays_density.npy,"expected 12 points, got 11"
double_ramp_0.0321_0.0357_ma_6.314_pres_105245_interpolated_arrays_density.npy,Unknown control point 12 in GEO curve 11
double_ramp_0.0415_0.0398_ma_7.301_pres_173770_interpolated_arrays_density.npy,"expected 12 points, got 11"
double_ramp_0.0415_0.0398_ma_7.301_pres_173770_interpolated_arrays_density.npy,Unknown control point 12 in GEO curve 11
double_ramp_0.0433_0.0381_ma_5.182_pres_99645_interpolated_arrays_density.npy,"expected 12 points, got 11"
double_ramp_0.0433_0.0381_ma_5.182_pres_99645_interpolated_arrays_density.npy,Unknown control point 12 in GEO curve 11
double_ramp_0.0469_0.0508_ma_6.459_pres_114820_interpolated_arrays_density.npy,"expected 12 points, got 11"
double_ramp_0.0469_0.0508_ma_6.459_pres_114820_interpolated_arrays_density.npy,Unknown control point 12 in GEO curve 11
double_ramp_0.0494_0.051_ma_5.538_pres_94317_interpolated_arrays_density.npy,"expected 12 points, got 11"
double_ramp_0.0494_0.051_ma_5.538_pres_94317_interpolated_arrays_density.npy,Unknown control point 12 in GEO curve 11
